GROUP,PACKAGE,CLASS,INSTRUCTION_MISSED,INSTRUCTION_COVERED,BRANCH_MISSED,BRANCH_COVERED,LINE_MISSED,LINE_COVERED,COMPLEXITY_MISSED,COMPLEXITY_COVERED,METHOD_MISSED,METHOD_COVERED
BroadleafCommerce Common Libraries,org.broadleafcommerce.common.security.util,ServerCookie,477,0,92,0,103,0,59,0,13,0
BroadleafCommerce Common Libraries,org.broadleafcommerce.common.security.util,PasswordChange,39,0,0,0,17,0,11,0,11,0
BroadleafCommerce Common Libraries,org.broadleafcommerce.common.security.util,PasswordReset,62,0,0,0,23,0,12,0,12,0
BroadleafCommerce Common Libraries,org.broadleafcommerce.common.security.util,ServerCookie.new ThreadLocal() {...},15,0,0,0,4,0,2,0,2,0
BroadleafCommerce Common Libraries,org.broadleafcommerce.common.security.util,GenericCookieUtilsImpl,99,0,8,0,21,0,9,0,5,0
BroadleafCommerce Common Libraries,org.broadleafcommerce.common.security.util,PasswordUtils,182,0,2,0,7,0,4,0,3,0
BroadleafCommerce Common Libraries,org.broadleafcommerce.common.template,TemplateOverrideExtensionManager,6,0,0,0,3,0,2,0,2,0
BroadleafCommerce Common Libraries,org.broadleafcommerce.common.template,AbstractTemplateOverrideExtensionHandler,5,0,0,0,2,0,2,0,2,0
BroadleafCommerce Common Libraries,org.broadleafcommerce.common.template,TemplateType,169,0,16,0,42,0,20,0,12,0
BroadleafCommerce Common Libraries,org.broadleafcommerce.common.util.xml,ISO8601DateAdapter,27,0,0,0,6,0,3,0,3,0
BroadleafCommerce Common Libraries,org.broadleafcommerce.common.util.xml,BigDecimalRoundingAdapter,14,0,0,0,3,0,3,0,3,0
BroadleafCommerce Common Libraries,org.broadleafcommerce.common.util.tenant,IdentityExecutionUtils,379,0,44,0,95,0,35,0,13,0
BroadleafCommerce Common Libraries,org.broadleafcommerce.common.util.tenant,IdentityExecutionUtils.TransactionContainer,23,0,0,0,10,0,5,0,5,0
BroadleafCommerce Common Libraries,org.broadleafcommerce.common.util.tenant,IdentityUtilContext,56,0,8,0,21,0,10,0,6,0
BroadleafCommerce Common Libraries,org.broadleafcommerce.common.web.payment.expression,PaymentGatewayFieldVariableExpression,34,0,0,0,9,0,5,0,5,0
BroadleafCommerce Common Libraries,org.broadleafcommerce.common.web.payment.expression,AbstractPaymentGatewayFieldExtensionHandler,506,0,118,0,91,0,61,0,2,0
BroadleafCommerce Common Libraries,org.broadleafcommerce.common.web.payment.expression,PaymentGatewayFieldExtensionManager,6,0,0,0,3,0,2,0,2,0
BroadleafCommerce Common Libraries,org.broadleafcommerce.common.resource,GeneratedResource,74,0,6,0,21,0,14,0,11,0
BroadleafCommerce Common Libraries,org.broadleafcommerce.common.breadcrumbs.processor,BreadcrumbProcessor,68,0,10,0,23,0,10,0,5,0
BroadleafCommerce Common Libraries,org.broadleafcommerce.common.util,DependencyLicenseCopy,234,0,18,0,53,0,14,0,5,0
BroadleafCommerce Common Libraries,org.broadleafcommerce.common.util,ValidationUtil,97,0,10,0,23,0,8,0,3,0
BroadleafCommerce Common Libraries,org.broadleafcommerce.common.util,StreamCapableTransactionalOperationAdapter,21,0,0,0,11,0,10,0,10,0
BroadleafCommerce Common Libraries,org.broadleafcommerce.common.util,BLCCollectionUtils.1.new InvocationHandler() {...},27,0,2,0,4,0,3,0,2,0
BroadleafCommerce Common Libraries,org.broadleafcommerce.common.util,PomEvaluator.Dependency,33,0,0,0,3,0,2,0,2,0
BroadleafCommerce Common Libraries,org.broadleafcommerce.common.util,EfficientLRUMap,126,104,23,13,35,27,23,11,10,6
BroadleafCommerce Common Libraries,org.broadleafcommerce.common.util,BLCArrayUtils,119,0,12,0,19,0,11,0,5,0
BroadleafCommerce Common Libraries,org.broadleafcommerce.common.util,StatCalc,80,0,4,0,18,0,10,0,8,0
BroadleafCommerce Common Libraries,org.broadleafcommerce.common.util,PomEvaluator.Category,48,0,0,0,10,0,3,0,3,0
BroadleafCommerce Common Libraries,org.broadleafcommerce.common.util,StreamingTransactionCapableUtil.new StreamCapableTransactionalOperationAdapter() {...},59,0,2,0,7,0,3,0,2,0
BroadleafCommerce Common Libraries,org.broadleafcommerce.common.util,EnvironmentFactoryBean,23,0,0,0,8,0,4,0,4,0
BroadleafCommerce Common Libraries,org.broadleafcommerce.common.util,HibernateUtils,17,0,2,0,6,0,3,0,2,0
BroadleafCommerce Common Libraries,org.broadleafcommerce.common.util,BLCCollectionUtils.new InvocationHandler() {...},63,0,8,0,8,0,6,0,2,0
BroadleafCommerce Common Libraries,org.broadleafcommerce.common.util,SpringAppContext,10,0,0,0,4,0,3,0,3,0
BroadleafCommerce Common Libraries,org.broadleafcommerce.common.util,InvocationHandlerForUnitTestingByteWeavedClasses,51,0,2,0,13,0,6,0,5,0
BroadleafCommerce Common Libraries,org.broadleafcommerce.common.util,PomEvaluator,883,0,42,0,168,0,29,0,8,0
BroadleafCommerce Common Libraries,org.broadleafcommerce.common.util,BLCRequestUtils,107,0,16,0,28,0,16,0,8,0
BroadleafCommerce Common Libraries,org.broadleafcommerce.common.util,DialectHelper,44,0,2,0,12,0,8,0,7,0
BroadleafCommerce Common Libraries,org.broadleafcommerce.common.util,UrlUtil,65,0,14,0,15,0,10,0,3,0
BroadleafCommerce Common Libraries,org.broadleafcommerce.common.util,StreamingTransactionCapableUtil,275,0,30,0,80,0,32,0,17,0
BroadleafCommerce Common Libraries,org.broadleafcommerce.common.util,ReflectiveWorkOnChange,155,0,12,0,28,0,10,0,4,0
BroadleafCommerce Common Libraries,org.broadleafcommerce.common.util,BLCFieldUtils,284,0,36,0,59,0,23,0,5,0
BroadleafCommerce Common Libraries,org.broadleafcommerce.common.util,DateUtil,42,0,12,0,8,0,9,0,3,0
BroadleafCommerce Common Libraries,org.broadleafcommerce.common.util,ResourceBundleExtensionPoint,14,0,0,0,5,0,3,0,3,0
BroadleafCommerce Common Libraries,org.broadleafcommerce.common.util,BLResourceBundleMessageSource,59,0,10,0,15,0,8,0,3,0
BroadleafCommerce Common Libraries,org.broadleafcommerce.common.util,UnitOfMeasureUtil,124,0,12,0,31,0,20,0,14,0
BroadleafCommerce Common Libraries,org.broadleafcommerce.common.util,BLCMessageUtils,30,0,0,0,7,0,5,0,5,0
BroadleafCommerce Common Libraries,org.broadleafcommerce.common.util,TableCreator.Col,19,0,0,0,8,0,2,0,2,0
BroadleafCommerce Common Libraries,org.broadleafcommerce.common.util,UnknownUnwrapTypeException,22,0,0,0,5,0,2,0,2,0
BroadleafCommerce Common Libraries,org.broadleafcommerce.common.util,StreamingTransactionCapableUtil.Holder,13,0,0,0,4,0,3,0,3,0
BroadleafCommerce Common Libraries,org.broadleafcommerce.common.util,FormatUtil,25,26,0,0,7,2,3,1,3,1
BroadleafCommerce Common Libraries,org.broadleafcommerce.common.util,TableCreator,207,0,8,0,33,0,12,0,8,0
BroadleafCommerce Common Libraries,org.broadleafcommerce.common.util,TypedPredicate,27,0,4,0,6,0,4,0,2,0
BroadleafCommerce Common Libraries,org.broadleafcommerce.common.util,RuntimeLog4jConfigurer,19,0,0,0,8,0,3,0,3,0
BroadleafCommerce Common Libraries,org.broadleafcommerce.common.util,SortedListFactoryBean,14,0,0,0,4,0,2,0,2,0
BroadleafCommerce Common Libraries,org.broadleafcommerce.common.util,WeightUnitOfMeasureType,110,0,16,0,33,0,17,0,9,0
BroadleafCommerce Common Libraries,org.broadleafcommerce.common.util,NodeUtil,116,0,16,0,26,0,13,0,5,0
BroadleafCommerce Common Libraries,org.broadleafcommerce.common.util,StringUtil,203,25,16,2,49,5,17,1,8,1
BroadleafCommerce Common Libraries,org.broadleafcommerce.common.util,ApplicationContextHolder,8,0,0,0,4,0,3,0,3,0
BroadleafCommerce Common Libraries,org.broadleafcommerce.common.util,DeployBehaviorUtil,13,0,4,0,2,0,4,0,2,0
BroadleafCommerce Common Libraries,org.broadleafcommerce.common.util,BLCSystemProperty,47,0,0,0,12,0,11,0,11,0
BroadleafCommerce Common Libraries,org.broadleafcommerce.common.util,AbstractBroadleafMergeResourceExtensionHandler,5,0,0,0,2,0,2,0,2,0
BroadleafCommerce Common Libraries,org.broadleafcommerce.common.util,NullFactoryBean,9,0,0,0,4,0,4,0,4,0
BroadleafCommerce Common Libraries,org.broadleafcommerce.common.util,BLCMapUtils,148,0,14,0,32,0,12,0,5,0
BroadleafCommerce Common Libraries,org.broadleafcommerce.common.util,NodeUtil.NodeComparatorBySingleAttribute,44,0,8,0,14,0,6,0,2,0
BroadleafCommerce Common Libraries,org.broadleafcommerce.common.util,BroadleafMergeResourceExtensionManager,4,0,0,0,2,0,1,0,1,0
BroadleafCommerce Common Libraries,org.broadleafcommerce.common.util,PomEvaluator.LicenseType,90,0,0,0,16,0,3,0,3,0
BroadleafCommerce Common Libraries,org.broadleafcommerce.common.util,BLCCollectionUtils,96,0,6,0,21,0,10,0,7,0
BroadleafCommerce Common Libraries,org.broadleafcommerce.common.util,Mod43CheckDigitUtil,79,0,8,0,22,0,8,0,4,0
BroadleafCommerce Common Libraries,org.broadleafcommerce.common.util,UpdateExecutor,165,0,14,0,39,0,11,0,4,0
BroadleafCommerce Common Libraries,org.broadleafcommerce.common.util,BroadleafMergeResourceBundleMessageSource,66,0,4,0,14,0,6,0,4,0
BroadleafCommerce Common Libraries,org.broadleafcommerce.common.util,TransactionUtils,90,0,6,0,28,0,11,0,8,0
BroadleafCommerce Common Libraries,org.broadleafcommerce.common.util,PomEvaluator.FrameworkType,128,0,0,0,12,0,4,0,4,0
BroadleafCommerce Common Libraries,org.broadleafcommerce.common.util,SortedListFactoryBean.new Comparator() {...},16,0,0,0,2,0,2,0,2,0
BroadleafCommerce Common Libraries,org.broadleafcommerce.common.util,DimensionUnitOfMeasureType,122,0,16,0,35,0,17,0,9,0
BroadleafCommerce Common Libraries,org.broadleafcommerce.common.util,Tuple,15,0,0,0,6,0,3,0,3,0
BroadleafCommerce Common Libraries,org.broadleafcommerce.common.util,StopWatch,295,0,32,0,73,0,34,0,18,0
BroadleafCommerce Common Libraries,org.broadleafcommerce.common.util,ThreadUtils,40,0,2,0,13,0,3,0,2,0
BroadleafCommerce Common Libraries,org.broadleafcommerce.common.sandbox,SandBoxHelper.OriginalIdResponse,20,0,0,0,8,0,5,0,5,0
BroadleafCommerce Common Libraries,org.broadleafcommerce.common.sandbox,DefaultSandBoxHelper,42,0,0,0,16,0,13,0,13,0
BroadleafCommerce Common Libraries,org.broadleafcommerce.common.i18n.service.type,ISOCodeStatusType,140,0,16,0,38,0,17,0,9,0
BroadleafCommerce Common Libraries,org.broadleafcommerce.common.extensibility.jpa.convert.inheritance,SingleTableInheritanceInfo,88,0,14,0,30,0,18,0,11,0
BroadleafCommerce Common Libraries,org.broadleafcommerce.common.extensibility.jpa.convert.inheritance,SingleTableInheritanceClassTransformer,392,0,30,0,84,0,19,0,4,0
BroadleafCommerce Common Libraries,org.broadleafcommerce.common.web.util,RepeatSubmitProtectionFilter,176,0,20,0,34,0,14,0,4,0
BroadleafCommerce Common Libraries,org.broadleafcommerce.common.web.util,PrecompressedArtifactFilter,222,0,38,0,63,0,27,0,8,0
BroadleafCommerce Common Libraries,org.broadleafcommerce.common.web.util,StatusExposingServletResponse,46,0,0,0,19,0,7,0,7,0
BroadleafCommerce Common Libraries,org.broadleafcommerce.common.enumeration.service,DataDrivenEnumerationServiceImpl,14,0,0,0,3,0,3,0,3,0
BroadleafCommerce Common Libraries,org.broadleafcommerce.common.cache.engine,HydratedCache,78,0,0,0,14,0,7,0,7,0
BroadleafCommerce Common Libraries,org.broadleafcommerce.common.cache.engine,HydratedCacheManagerImpl,407,0,32,0,84,0,37,0,21,0
BroadleafCommerce Common Libraries,org.broadleafcommerce.common.cache.engine,HydratedCacheElement,30,0,0,0,3,0,3,0,3,0
BroadleafCommerce Common Libraries,org.broadleafcommerce.common.cache.engine,HydrationDescriptor,24,0,0,0,10,0,7,0,7,0
BroadleafCommerce Common Libraries,org.broadleafcommerce.common.cache.engine,AbstractHydratedCacheManager,130,0,14,0,32,0,13,0,6,0
BroadleafCommerce Common Libraries,org.broadleafcommerce.common.cache.engine,HydrationScanner,410,0,35,0,97,0,41,0,19,0
BroadleafCommerce Common Libraries,org.broadleafcommerce.common.cache.engine,BigMemoryHydratedCacheManagerImpl,317,0,16,0,62,0,22,0,14,0
BroadleafCommerce Common Libraries,org.broadleafcommerce.common.cache.engine,HydratedCacheEventListenerFactory,47,0,4,0,13,0,6,0,4,0
BroadleafCommerce Common Libraries,org.broadleafcommerce.common.cache.engine,CacheFactoryException,16,0,0,0,8,0,4,0,4,0
BroadleafCommerce Common Libraries,org.broadleafcommerce.common.cache.engine,HydrationItemDescriptor,17,0,0,0,7,0,5,0,5,0
BroadleafCommerce Common Libraries,org.broadleafcommerce.common.cache.engine,EhcacheHydratedCacheManagerImpl,302,0,14,0,58,0,21,0,14,0
BroadleafCommerce Common Libraries,org.broadleafcommerce.common.dao,GenericEntityDaoImpl,424,0,22,0,89,0,34,0,23,0
BroadleafCommerce Common Libraries,org.broadleafcommerce.common.config.domain,AbstractModuleConfiguration,97,32,9,1,32,9,23,3,18,3
BroadleafCommerce Common Libraries,org.broadleafcommerce.common.config.domain,SystemPropertyImpl,105,0,6,0,38,0,20,0,17,0
BroadleafCommerce Common Libraries,org.broadleafcommerce.common.site.service,SiteServiceExtensionManager,4,0,0,0,2,0,1,0,1,0
BroadleafCommerce Common Libraries,org.broadleafcommerce.common.site.service,SiteServiceImpl,252,0,20,0,46,0,36,0,26,0
BroadleafCommerce Common Libraries,org.broadleafcommerce.common.site.service,SiteServiceImpl.new StreamCapableTransactionalOperationAdapter() {...},78,0,8,0,15,0,6,0,2,0
BroadleafCommerce Common Libraries,org.broadleafcommerce.common.site.service,SiteServiceImpl.new StreamCapableTransactionalOperationAdapter() {...},40,0,2,0,6,0,3,0,2,0
BroadleafCommerce Common Libraries,org.broadleafcommerce.common.site.service,SiteServiceImpl.new StreamCapableTransactionalOperationAdapter() {...},35,0,2,0,6,0,3,0,2,0
BroadleafCommerce Common Libraries,org.broadleafcommerce.common.site.service,SiteServiceImpl.new StreamCapableTransactionalOperationAdapter() {...},46,0,4,0,8,0,4,0,2,0
BroadleafCommerce Common Libraries,org.broadleafcommerce.common.site.service,AbstractSiteServiceExtensionHandler,5,0,0,0,2,0,2,0,2,0
BroadleafCommerce Common Libraries,org.broadleafcommerce.common.config.dao,ModuleConfigurationDaoImpl,164,0,6,0,36,0,13,0,10,0
BroadleafCommerce Common Libraries,org.broadleafcommerce.common.config.dao,SystemPropertiesDaoImpl.new PersistentRetrieval() {...},191,0,16,0,24,0,10,0,2,0
BroadleafCommerce Common Libraries,org.broadleafcommerce.common.config.dao,SystemPropertyDaoQueryExtensionManager,4,0,0,0,2,0,1,0,1,0
BroadleafCommerce Common Libraries,org.broadleafcommerce.common.config.dao,SystemPropertiesDaoImpl,224,0,16,0,37,0,19,0,11,0
BroadleafCommerce Common Libraries,org.broadleafcommerce.common.rule,MvelHelper,172,179,27,15,37,34,19,13,4,7
BroadleafCommerce Common Libraries,org.broadleafcommerce.common.rule,AbstractRuleProcessor,54,0,2,0,13,0,6,0,5,0
BroadleafCommerce Common Libraries,org.broadleafcommerce.common.filter,Filter,60,0,2,0,20,0,11,0,10,0
BroadleafCommerce Common Libraries,org.broadleafcommerce.common.filter,FilterDefinition,53,0,2,0,17,0,9,0,8,0
BroadleafCommerce Common Libraries,org.broadleafcommerce.common.filter,FilterParameter,17,0,0,0,7,0,5,0,5,0
BroadleafCommerce Common Libraries,org.broadleafcommerce.common.filter,PropertyFilter,22,0,0,0,8,0,5,0,5,0
BroadleafCommerce Common Libraries,org.broadleafcommerce.common.locale.service,LocaleServiceImpl,25,0,0,0,6,0,6,0,6,0
BroadleafCommerce Common Libraries,org.broadleafcommerce.common.locale.domain,LocaleImpl,119,18,26,0,29,6,24,3,11,3
BroadleafCommerce Common Libraries,org.broadleafcommerce.common.web.resource.resolver,BroadleafVersionResourceResolver,78,0,14,0,18,0,14,0,7,0
BroadleafCommerce Common Libraries,org.broadleafcommerce.common.web.resource.resolver,BLCJSResourceResolver,159,0,12,0,36,0,14,0,8,0
BroadleafCommerce Common Libraries,org.broadleafcommerce.common.web.resource.resolver,BLCSystemPropertyResourceResolver,131,0,8,0,34,0,12,0,8,0
BroadleafCommerce Common Libraries,org.broadleafcommerce.common.web.resource.resolver,BLVersionResourceResolverDefaultStrategyMap,11,0,0,0,3,0,2,0,2,0
BroadleafCommerce Common Libraries,org.broadleafcommerce.common.web.resource.resolver,BroadleafResourceResolverOrder,22,0,0,0,10,0,2,0,2,0
BroadleafCommerce Common Libraries,org.broadleafcommerce.common.web.resource.resolver,BroadleafPathResourceResolver,17,0,0,0,6,0,4,0,4,0
BroadleafCommerce Common Libraries,org.broadleafcommerce.common.web.resource.resolver,BroadleafResourceTransformerOrder,8,0,0,0,3,0,2,0,2,0
BroadleafCommerce Common Libraries,org.broadleafcommerce.common.web.resource.resolver,BundleResourceResolver,129,0,18,0,30,0,17,0,8,0
BroadleafCommerce Common Libraries,org.broadleafcommerce.common.web.resource.resolver,BLCJSUrlPathResolver,74,0,6,0,16,0,10,0,7,0
BroadleafCommerce Common Libraries,org.broadleafcommerce.common.web.resource.resolver,BroadleafCachingResourceResolver,313,0,44,0,71,0,33,0,11,0
BroadleafCommerce Common Libraries,org.broadleafcommerce.common.extensibility.context,StandardConfigLocations,180,0,52,0,28,0,30,0,4,0
BroadleafCommerce Common Libraries,org.broadleafcommerce.common.extensibility.context,AbstractMergeXMLApplicationContext,7,0,0,0,3,0,2,0,2,0
BroadleafCommerce Common Libraries,org.broadleafcommerce.common.extensibility.context,EmbeddedBeanDefinitionParser,202,0,14,0,35,0,10,0,3,0
BroadleafCommerce Common Libraries,org.broadleafcommerce.common.extensibility.context,MergeFileSystemXMLApplicationContext,123,0,4,0,25,0,5,0,3,0
BroadleafCommerce Common Libraries,org.broadleafcommerce.common.extensibility.context,ResourceInputStream,153,0,14,0,34,0,22,0,15,0
BroadleafCommerce Common Libraries,org.broadleafcommerce.common.extensibility.context,MergeClassPathXMLApplicationContext,104,0,4,0,21,0,6,0,4,0
BroadleafCommerce Common Libraries,org.broadleafcommerce.common.extensibility.context,MergeApplicationContextXmlConfigResource,134,0,12,0,32,0,9,0,3,0
BroadleafCommerce Common Libraries,org.broadleafcommerce.common.extensibility.context,MergeFileSystemAndClassPathXMLApplicationContext.ResourceType,38,0,0,0,2,0,4,0,4,0
BroadleafCommerce Common Libraries,org.broadleafcommerce.common.extensibility.context,MergeFileSystemAndClassPathXMLApplicationContext.new Object() {...},19,0,0,0,1,0,1,0,1,0
BroadleafCommerce Common Libraries,org.broadleafcommerce.common.extensibility.context,MergeFileSystemAndClassPathXMLApplicationContext,224,0,9,0,47,0,10,0,5,0
BroadleafCommerce Common Libraries,org.broadleafcommerce.common.extensibility.context,EmbeddedNamespaceHandler,10,0,0,0,3,0,2,0,2,0
BroadleafCommerce Common Libraries,org.broadleafcommerce.common.site.domain,ThemeDTO,45,0,0,0,17,0,8,0,8,0
BroadleafCommerce Common Libraries,org.broadleafcommerce.common.site.domain,SiteImpl,279,28,32,0,68,8,36,4,20,4
BroadleafCommerce Common Libraries,org.broadleafcommerce.common.site.domain,CatalogImpl,203,0,18,0,49,0,25,0,16,0
BroadleafCommerce Common Libraries,org.broadleafcommerce.common.site.domain,SiteCatalogXrefImpl,34,0,0,0,12,0,7,0,7,0
BroadleafCommerce Common Libraries,org.broadleafcommerce.common.weave,ConditionalDirectCopyTransformMemberDto,37,0,0,0,15,0,9,0,9,0
BroadleafCommerce Common Libraries,org.broadleafcommerce.common.weave,ConditionalDirectCopyTransformersManagerImpl,80,0,4,0,17,0,8,0,6,0
BroadleafCommerce Common Libraries,org.broadleafcommerce.common.weave,ConditionalFieldAnnotationCopyTransformersManagerImpl,80,0,4,0,17,0,8,0,6,0
BroadleafCommerce Common Libraries,org.broadleafcommerce.common.weave,ConditionalFieldAnnotationCopyTransformMemberDTO,17,0,0,0,7,0,5,0,5,0
BroadleafCommerce Common Libraries,org.broadleafcommerce.common.weave,WeaveArchiveStatus,39,0,6,0,11,0,8,0,5,0
BroadleafCommerce Common Libraries,org.broadleafcommerce.common.media.domain,MediaImpl,232,0,44,0,64,0,38,0,16,0
BroadleafCommerce Common Libraries,org.broadleafcommerce.common.media.domain,MediaDto,59,0,0,0,22,0,13,0,13,0
BroadleafCommerce Common Libraries,org.broadleafcommerce.common.web.resource,BroadleafResourceHttpRequestHandler.OrderedComparator,46,0,12,0,12,0,8,0,2,0
BroadleafCommerce Common Libraries,org.broadleafcommerce.common.web.resource,ResourceRequestExtensionManager,6,0,0,0,3,0,2,0,2,0
BroadleafCommerce Common Libraries,org.broadleafcommerce.common.web.resource,AbstractResourceRequestExtensionHandler,7,0,0,0,3,0,3,0,3,0
BroadleafCommerce Common Libraries,org.broadleafcommerce.common.web.resource,BroadleafContextUtil,127,0,20,0,40,0,18,0,8,0
BroadleafCommerce Common Libraries,org.broadleafcommerce.common.web.resource,BroadleafDefaultResourceResolverChain,140,0,12,0,25,0,11,0,5,0
BroadleafCommerce Common Libraries,org.broadleafcommerce.common.web.resource,AbstractGeneratedResourceHandler,175,0,26,0,42,0,20,0,7,0
BroadleafCommerce Common Libraries,org.broadleafcommerce.common.web.resource,BroadleafResourceHttpRequestHandler,48,0,6,0,15,0,6,0,3,0
BroadleafCommerce Common Libraries,org.broadleafcommerce.common.web.processor,FormProcessor,122,0,4,0,25,0,5,0,3,0
BroadleafCommerce Common Libraries,org.broadleafcommerce.common.web.processor,ConfigVariableProcessor,27,0,2,0,10,0,4,0,3,0
BroadleafCommerce Common Libraries,org.broadleafcommerce.common.web.processor,ResourceBundleProcessor,277,0,22,0,58,0,19,0,8,0
BroadleafCommerce Common Libraries,org.broadleafcommerce.common.web.processor,DataDrivenEnumerationProcessor,63,0,6,0,15,0,6,0,3,0
BroadleafCommerce Common Libraries,org.broadleafcommerce.common.web.processor,DataDrivenEnumerationProcessor.new Comparator() {...},26,0,2,0,4,0,3,0,2,0
BroadleafCommerce Common Libraries,org.broadleafcommerce.common.sandbox.domain,SandBoxImpl,246,0,26,0,64,0,40,0,27,0
BroadleafCommerce Common Libraries,org.broadleafcommerce.common.sandbox.domain,SandBoxManagementImpl,18,0,0,0,6,0,5,0,5,0
BroadleafCommerce Common Libraries,org.broadleafcommerce.common.sandbox.domain,SandBoxType,156,0,16,0,38,0,18,0,10,0
BroadleafCommerce Common Libraries,org.broadleafcommerce.common.vendor.service.cache,ServiceResponseCache,105,0,6,0,20,0,5,0,2,0
BroadleafCommerce Common Libraries,org.broadleafcommerce.common.service,ParentCategoryLegacyModeServiceImpl,27,0,4,0,10,0,6,0,4,0
BroadleafCommerce Common Libraries,org.broadleafcommerce.common.service,GenericEntityServiceImpl,92,0,0,0,25,0,18,0,18,0
BroadleafCommerce Common Libraries,org.broadleafcommerce.common.service,GenericResponse,66,0,4,0,15,0,8,0,6,0
BroadleafCommerce Common Libraries,org.broadleafcommerce.common.sandbox.dao,SandBoxDaoImpl,889,0,20,0,140,0,28,0,18,0
BroadleafCommerce Common Libraries,org.broadleafcommerce.common.sitemap.service.type,SiteMapChangeFreqType,60,80,15,1,19,19,11,6,3,6
BroadleafCommerce Common Libraries,org.broadleafcommerce.common.sitemap.service.type,SiteMapPriorityType,63,101,15,1,20,22,12,5,4,5
BroadleafCommerce Common Libraries,org.broadleafcommerce.common.sitemap.service.type,SiteMapGeneratorType,58,70,14,2,18,18,11,6,3,6
BroadleafCommerce Common Libraries,org.broadleafcommerce.common.email.dao,EmailReportingDaoImpl,93,0,0,0,24,0,6,0,6,0
BroadleafCommerce Common Libraries,org.broadleafcommerce.common.currency.util,BroadleafCurrencyUtils,188,0,22,0,37,0,21,0,10,0
BroadleafCommerce Common Libraries,org.broadleafcommerce.common.extensibility.context.merge.exceptions,MergeException,16,0,0,0,8,0,4,0,4,0
BroadleafCommerce Common Libraries,org.broadleafcommerce.common.extensibility.context.merge.exceptions,MergeManagerSetupException,16,0,0,0,8,0,4,0,4,0
BroadleafCommerce Common Libraries,org.broadleafcommerce.common.presentation.override,PropertyType.AdminPresentationToOneLookup,3,0,0,0,1,0,1,0,1,0
BroadleafCommerce Common Libraries,org.broadleafcommerce.common.presentation.override,PropertyType.AdminPresentationMap,3,0,0,0,1,0,1,0,1,0
BroadleafCommerce Common Libraries,org.broadleafcommerce.common.presentation.override,PropertyType.AdminPresentation,3,0,0,0,1,0,1,0,1,0
BroadleafCommerce Common Libraries,org.broadleafcommerce.common.presentation.override,PropertyType.AdminPresentationCollection,3,0,0,0,1,0,1,0,1,0
BroadleafCommerce Common Libraries,org.broadleafcommerce.common.presentation.override,PropertyType,3,0,0,0,2,0,1,0,1,0
BroadleafCommerce Common Libraries,org.broadleafcommerce.common.presentation.override,PropertyType.AdminPresentationDataDrivenEnumeration,3,0,0,0,1,0,1,0,1,0
BroadleafCommerce Common Libraries,org.broadleafcommerce.common.presentation.override,PropertyType.AdminPresentationAdornedTargetCollection,3,0,0,0,1,0,1,0,1,0
BroadleafCommerce Common Libraries,org.broadleafcommerce.common.structure.dto,StructuredContentDTO,169,0,6,0,48,0,22,0,19,0
BroadleafCommerce Common Libraries,org.broadleafcommerce.common.structure.dto,StructuredContentDTOWrapper,102,0,2,0,33,0,22,0,21,0
BroadleafCommerce Common Libraries,org.broadleafcommerce.common.structure.dto,ItemCriteriaDTO,31,0,0,0,11,0,6,0,6,0
BroadleafCommerce Common Libraries,org.broadleafcommerce.common.extensibility,InstrumentationRuntimeFactory,393,0,46,0,88,0,33,0,10,0
BroadleafCommerce Common Libraries,org.broadleafcommerce.common.extensibility,InstrumentationRuntimeFactory.new PrivilegedAction() {...},42,0,10,0,19,0,7,0,2,0
BroadleafCommerce Common Libraries,org.broadleafcommerce.common.email.service.jms,JMSEmailServiceProducerImpl.new MessageCreator() {...},31,0,0,0,5,0,2,0,2,0
BroadleafCommerce Common Libraries,org.broadleafcommerce.common.email.service.jms,JMSEmailServiceProducerImpl,41,0,2,0,13,0,7,0,6,0
BroadleafCommerce Common Libraries,org.broadleafcommerce.common.email.service.jms,EmailServiceMDP,44,0,0,0,15,0,2,0,2,0
BroadleafCommerce Common Libraries,org.broadleafcommerce.common.vendor.service.type,ContainerSizeType,118,0,16,0,32,0,17,0,9,0
BroadleafCommerce Common Libraries,org.broadleafcommerce.common.vendor.service.type,ContainerShapeType,118,0,16,0,32,0,17,0,9,0
BroadleafCommerce Common Libraries,org.broadleafcommerce.common.vendor.service.type,ServiceStatusType,136,0,16,0,35,0,17,0,9,0
BroadleafCommerce Common Libraries,org.broadleafcommerce.common,TimeDTO,136,0,12,0,38,0,21,0,15,0
BroadleafCommerce Common Libraries,org.broadleafcommerce.common,RequestDTOImpl,86,0,8,0,24,0,15,0,11,0
BroadleafCommerce Common Libraries,org.broadleafcommerce.common.web.deeplink,DeepLinkService,11,0,0,0,3,0,3,0,3,0
BroadleafCommerce Common Libraries,org.broadleafcommerce.common.web.deeplink,DeepLink,89,0,4,0,26,0,16,0,14,0
BroadleafCommerce Common Libraries,org.broadleafcommerce.common.money,Money,901,0,122,0,160,0,131,0,70,0
BroadleafCommerce Common Libraries,org.broadleafcommerce.common.money,CurrencyConversionContext,27,0,0,0,9,0,6,0,6,0
BroadleafCommerce Common Libraries,org.broadleafcommerce.common.money,CurrencyConsiderationContext,26,0,0,0,9,0,6,0,6,0
BroadleafCommerce Common Libraries,org.broadleafcommerce.common.money,BankersRounding,72,0,2,0,15,0,14,0,13,0
BroadleafCommerce Common Libraries,org.broadleafcommerce.common.currency.dao,BroadleafCurrencyDaoImpl,86,0,4,0,19,0,8,0,6,0
BroadleafCommerce Common Libraries,org.broadleafcommerce.common.currency.service,BroadleafCurrencyServiceImpl,25,0,0,0,6,0,6,0,6,0
BroadleafCommerce Common Libraries,org.broadleafcommerce.common.file.domain,FileWorkArea,13,27,2,2,2,6,2,3,0,3
BroadleafCommerce Common Libraries,org.broadleafcommerce.common.web.expression,BRCVariableExpression,93,0,18,0,32,0,20,0,11,0
BroadleafCommerce Common Libraries,org.broadleafcommerce.common.web.expression,PropertiesVariableExpression,38,0,4,0,10,0,9,0,7,0
BroadleafCommerce Common Libraries,org.broadleafcommerce.common.web.expression,BroadleafVariableExpressionEvaluator,35,0,4,0,8,0,4,0,2,0
BroadleafCommerce Common Libraries,org.broadleafcommerce.common.web.expression,NullBroadleafVariableExpression,5,0,0,0,2,0,2,0,2,0
BroadleafCommerce Common Libraries,org.broadleafcommerce.common.sitemap.domain,SiteMapGeneratorConfigurationImpl,55,33,10,2,20,12,13,6,7,6
BroadleafCommerce Common Libraries,org.broadleafcommerce.common.sitemap.domain,SiteMapUrlEntryImpl,24,52,4,4,10,18,8,9,4,9
BroadleafCommerce Common Libraries,org.broadleafcommerce.common.sitemap.domain,SiteMapConfigurationImpl,44,82,11,5,14,24,11,10,3,10
BroadleafCommerce Common Libraries,org.broadleafcommerce.common.sitemap.domain,CustomUrlSiteMapGeneratorConfigurationImpl,0,15,0,0,0,5,0,3,0,3
BroadleafCommerce Common Libraries,org.broadleafcommerce.common.security.channel,ProtoChannelBeanPostProcessor,56,0,2,0,19,0,7,0,6,0
BroadleafCommerce Common Libraries,org.broadleafcommerce.common.security.channel,ProtoInsecureChannelProcessor,73,0,18,0,14,0,11,0,2,0
BroadleafCommerce Common Libraries,org.broadleafcommerce.common.security.channel,ProtoSecureChannelProcessor,53,0,14,0,11,0,9,0,2,0
BroadleafCommerce Common Libraries,org.broadleafcommerce.common.sitemap.exception,SiteMapException,16,0,0,0,8,0,4,0,4,0
BroadleafCommerce Common Libraries,org.broadleafcommerce.common.classloader.release,ThreadLocalManager,116,68,14,0,21,16,10,5,3,5
BroadleafCommerce Common Libraries,org.broadleafcommerce.common.classloader.release,ThreadLocalManager.new ThreadLocal() {...},6,16,1,1,1,5,1,2,0,2
BroadleafCommerce Common Libraries,org.broadleafcommerce.common.classloader.release,ThreadLocalManager.new ThreadLocal() {...},12,27,0,2,4,8,0,4,0,3
BroadleafCommerce Common Libraries,org.broadleafcommerce.common.extensibility.config,PropertyConfigurer,11,0,0,0,5,0,3,0,3,0
BroadleafCommerce Common Libraries,org.broadleafcommerce.common.vendor.service.monitor.handler,CompositeStatusHandler,32,0,2,0,9,0,5,0,4,0
BroadleafCommerce Common Libraries,org.broadleafcommerce.common.vendor.service.monitor.handler,EmailStatusHandler,48,0,0,0,13,0,6,0,6,0
BroadleafCommerce Common Libraries,org.broadleafcommerce.common.vendor.service.monitor.handler,LogStatusHandler,48,0,4,0,8,0,5,0,3,0
BroadleafCommerce Common Libraries,org.broadleafcommerce.common.sandbox.service,SandBoxServiceImpl,235,0,22,0,49,0,30,0,19,0
BroadleafCommerce Common Libraries,org.broadleafcommerce.common.email.service.message,MessageCreator.new MimeMessagePreparator() {...},111,0,12,0,21,0,8,0,2,0
BroadleafCommerce Common Libraries,org.broadleafcommerce.common.email.service.message,NullMessageCreator,15,0,0,0,6,0,4,0,4,0
BroadleafCommerce Common Libraries,org.broadleafcommerce.common.email.service.message,Attachment,24,0,0,0,10,0,7,0,7,0
BroadleafCommerce Common Libraries,org.broadleafcommerce.common.email.service.message,ThymeleafMessageCreator,49,0,8,0,14,0,6,0,2,0
BroadleafCommerce Common Libraries,org.broadleafcommerce.common.email.service.message,EmailPropertyType,116,0,16,0,34,0,17,0,9,0
BroadleafCommerce Common Libraries,org.broadleafcommerce.common.email.service.message,VelocityMessageCreator,61,0,6,0,19,0,9,0,6,0
BroadleafCommerce Common Libraries,org.broadleafcommerce.common.email.service.message,MessageCreator,30,0,0,0,11,0,5,0,5,0
BroadleafCommerce Common Libraries,org.broadleafcommerce.common.vendor.service,AbstractVendorService,113,0,10,0,25,0,8,0,3,0
BroadleafCommerce Common Libraries,org.broadleafcommerce.common.email.service.info,EmailInfo,116,0,0,0,41,0,20,0,20,0
BroadleafCommerce Common Libraries,org.broadleafcommerce.common.email.service.info,ServerInfo,85,0,4,0,25,0,13,0,11,0
BroadleafCommerce Common Libraries,org.broadleafcommerce.common.email.service.info,NullEmailInfo,3,0,0,0,2,0,1,0,1,0
BroadleafCommerce Common Libraries,org.broadleafcommerce.common.security,LocalRedirectStrategy,205,0,34,0,37,0,24,0,7,0
BroadleafCommerce Common Libraries,org.broadleafcommerce.common.security,EnhancedTokenBasedRememberMeServices.MockResponse,56,0,0,0,35,0,34,0,34,0
BroadleafCommerce Common Libraries,org.broadleafcommerce.common.security,EnhancedTokenBasedRememberMeServices,40,0,0,0,8,0,3,0,3,0
BroadleafCommerce Common Libraries,org.broadleafcommerce.common.security,BroadleafAuthenticationFailureHandler,104,0,16,0,25,0,12,0,4,0
BroadleafCommerce Common Libraries,org.broadleafcommerce.common.security,BroadleafExternalAuthenticationUserDetails,48,0,0,0,16,0,10,0,10,0
BroadleafCommerce Common Libraries,org.broadleafcommerce.common.security,RandomGenerator,202,0,8,0,13,0,9,0,5,0
BroadleafCommerce Common Libraries,org.broadleafcommerce.common.extensibility.jpa.copy,DirectCopyTransformTypes,3,0,0,0,1,0,1,0,1,0
BroadleafCommerce Common Libraries,org.broadleafcommerce.common.extensibility.jpa.copy,OptionalDirectCopyClassTransformer,53,0,2,0,15,0,6,0,5,0
BroadleafCommerce Common Libraries,org.broadleafcommerce.common.extensibility.jpa.copy,AnnotationsCopyClassTransformer,323,0,32,0,59,0,24,0,8,0
BroadleafCommerce Common Libraries,org.broadleafcommerce.common.extensibility.jpa.copy,DirectCopyClassTransformer.XFormParams,47,0,4,0,14,0,10,0,8,0
BroadleafCommerce Common Libraries,org.broadleafcommerce.common.extensibility.jpa.copy,DirectCopyClassTransformer,1574,0,156,0,303,0,102,0,24,0
BroadleafCommerce Common Libraries,org.broadleafcommerce.common.extensibility.jpa.copy,DirectCopyIgnorePattern,17,0,0,0,7,0,5,0,5,0
BroadleafCommerce Common Libraries,org.broadleafcommerce.common.extensibility.jpa.copy,AbstractClassTransformer,77,0,8,0,17,0,8,0,4,0
BroadleafCommerce Common Libraries,org.broadleafcommerce.common.extensibility.jpa.copy,ConditionalFieldAnnotationsClassTransformer,252,0,30,0,59,0,18,0,3,0
BroadleafCommerce Common Libraries,org.broadleafcommerce.common.extensibility.jpa.copy,NullClassTransformer,6,0,0,0,3,0,3,0,3,0
BroadleafCommerce Common Libraries,org.broadleafcommerce.common.event,BroadleafApplicationEventMulticaster.new Runnable() {...},20,0,0,0,3,0,2,0,2,0
BroadleafCommerce Common Libraries,org.broadleafcommerce.common.event,BroadleafApplicationEventMulticaster,61,0,10,0,17,0,10,0,5,0
BroadleafCommerce Common Libraries,org.broadleafcommerce.common.event,OrderSubmittedEvent,14,0,0,0,5,0,3,0,3,0
BroadleafCommerce Common Libraries,org.broadleafcommerce.common.event,ItemsFulfilledEvent,19,0,0,0,7,0,3,0,3,0
BroadleafCommerce Common Libraries,org.broadleafcommerce.common.event,ItemsCancelledEvent,19,0,0,0,7,0,3,0,3,0
BroadleafCommerce Common Libraries,org.broadleafcommerce.common.event,ItemsReturnedEvent,19,0,0,0,7,0,3,0,3,0
BroadleafCommerce Common Libraries,org.broadleafcommerce.common.event,BroadleafApplicationEvent,13,0,0,0,4,0,2,0,2,0
BroadleafCommerce Common Libraries,org.broadleafcommerce.common.audit,Auditable.Presentation.Tab.Name,3,0,0,0,1,0,1,0,1,0
BroadleafCommerce Common Libraries,org.broadleafcommerce.common.audit,AuditableListener,194,0,22,0,55,0,17,0,6,0
BroadleafCommerce Common Libraries,org.broadleafcommerce.common.audit,Auditable.Presentation.Group.Order,3,0,0,0,1,0,1,0,1,0
BroadleafCommerce Common Libraries,org.broadleafcommerce.common.audit,Auditable.Presentation.Group.Name,3,0,0,0,1,0,1,0,1,0
BroadleafCommerce Common Libraries,org.broadleafcommerce.common.audit,Auditable.Presentation.Group,3,0,0,0,2,0,1,0,1,0
BroadleafCommerce Common Libraries,org.broadleafcommerce.common.audit,Auditable.Presentation,3,0,0,0,2,0,1,0,1,0
BroadleafCommerce Common Libraries,org.broadleafcommerce.common.audit,Auditable,160,3,38,0,28,2,29,1,10,1
BroadleafCommerce Common Libraries,org.broadleafcommerce.common.audit,Auditable.Presentation.Tab.Order,3,0,0,0,1,0,1,0,1,0
BroadleafCommerce Common Libraries,org.broadleafcommerce.common.audit,Auditable.Presentation.Tab,3,0,0,0,2,0,1,0,1,0
BroadleafCommerce Common Libraries,org.broadleafcommerce.common.encryption,PassthroughEncryptionModule,25,0,2,0,8,0,5,0,4,0
BroadleafCommerce Common Libraries,org.broadleafcommerce.common.web.payment.controller,PaymentGatewayAbstractController,286,0,50,0,71,0,37,0,12,0
BroadleafCommerce Common Libraries,org.broadleafcommerce.common.site.dao,SiteDaoImpl,262,0,12,0,39,0,16,0,10,0
BroadleafCommerce Common Libraries,org.broadleafcommerce.common.extensibility.jpa,MergePersistenceUnitManager,927,0,112,0,179,0,69,0,13,0
BroadleafCommerce Common Libraries,org.broadleafcommerce.common.extensibility.jpa,SiteDiscriminatableType,38,0,0,0,2,0,4,0,4,0
BroadleafCommerce Common Libraries,org.broadleafcommerce.common.extensibility.jpa,JPAPropertiesPersistenceUnitPostProcessor,345,0,54,0,43,0,31,0,4,0
BroadleafCommerce Common Libraries,org.broadleafcommerce.common.extensibility.jpa,AutoDDLCreateStatusTestBeanImpl,21,0,0,0,5,0,3,0,3,0
BroadleafCommerce Common Libraries,org.broadleafcommerce.common.extensibility.jpa,ConditionalORMConfigDto,17,0,0,0,7,0,5,0,5,0
BroadleafCommerce Common Libraries,org.broadleafcommerce.common.extensibility.jpa,MergeJPAPersistenceResource,213,0,18,0,50,0,13,0,4,0
BroadleafCommerce Common Libraries,org.broadleafcommerce.common.extensibility.jpa,ConditionalORMConfigPersistenceUnitPostProcessor,158,0,16,0,30,0,13,0,5,0
BroadleafCommerce Common Libraries,org.broadleafcommerce.common.extensibility.jpa,EntityClassNotFoundException,16,0,0,0,8,0,4,0,4,0
BroadleafCommerce Common Libraries,org.broadleafcommerce.common.extensibility.jpa,ConfigurationOnlyState,22,0,0,0,8,0,6,0,6,0
BroadleafCommerce Common Libraries,org.broadleafcommerce.common.extensibility.jpa.convert,EntityMarkerClassTransformer,250,0,34,0,53,0,27,0,10,0
BroadleafCommerce Common Libraries,org.broadleafcommerce.common.time,FixedTimeSource,9,0,0,0,4,0,2,0,2,0
BroadleafCommerce Common Libraries,org.broadleafcommerce.common.time,MinuteType,478,0,16,0,92,0,17,0,9,0
BroadleafCommerce Common Libraries,org.broadleafcommerce.common.time,SystemTime,42,106,8,10,12,39,9,19,5,14
BroadleafCommerce Common Libraries,org.broadleafcommerce.common.time,HourOfDayType,262,0,16,0,56,0,17,0,9,0
BroadleafCommerce Common Libraries,org.broadleafcommerce.common.time,DefaultTimeSource,0,5,0,0,0,2,0,2,0,2
BroadleafCommerce Common Libraries,org.broadleafcommerce.common.time,DayOfWeekType,160,0,16,0,39,0,17,0,9,0
BroadleafCommerce Common Libraries,org.broadleafcommerce.common.time,MonthType,190,0,16,0,44,0,17,0,9,0
BroadleafCommerce Common Libraries,org.broadleafcommerce.common.time,DayOfMonthType,310,0,16,0,64,0,17,0,9,0
BroadleafCommerce Common Libraries,org.broadleafcommerce.common.locale.dao,LocaleDaoImpl,105,0,8,0,23,0,10,0,6,0
BroadleafCommerce Common Libraries,org.broadleafcommerce.common.presentation.client,LookupType,38,0,0,0,3,0,4,0,4,0
BroadleafCommerce Common Libraries,org.broadleafcommerce.common.presentation.client,CustomFieldSearchableTypes,48,0,0,0,2,0,4,0,4,0
BroadleafCommerce Common Libraries,org.broadleafcommerce.common.presentation.client,PersistencePerspectiveItemType,48,0,0,0,4,0,4,0,4,0
BroadleafCommerce Common Libraries,org.broadleafcommerce.common.presentation.client,RuleType,160,0,16,0,39,0,17,0,9,0
BroadleafCommerce Common Libraries,org.broadleafcommerce.common.presentation.client,SupportedFieldType,328,0,0,0,32,0,4,0,4,0
BroadleafCommerce Common Libraries,org.broadleafcommerce.common.presentation.client,ForeignKeyRestrictionType,38,0,0,0,3,0,4,0,4,0
BroadleafCommerce Common Libraries,org.broadleafcommerce.common.presentation.client,UnspecifiedBooleanType,48,0,0,0,2,0,4,0,4,0
BroadleafCommerce Common Libraries,org.broadleafcommerce.common.presentation.client,SupportedCriteriaFieldType,38,0,0,0,3,0,4,0,4,0
BroadleafCommerce Common Libraries,org.broadleafcommerce.common.presentation.client,VisibilityEnum,78,0,0,0,7,0,4,0,4,0
BroadleafCommerce Common Libraries,org.broadleafcommerce.common.presentation.client,DynamicSupportedFieldType,208,0,20,0,50,0,21,0,11,0
BroadleafCommerce Common Libraries,org.broadleafcommerce.common.presentation.client,OperationType,58,0,0,0,5,0,4,0,4,0
BroadleafCommerce Common Libraries,org.broadleafcommerce.common.presentation.client,AddMethodType,48,0,0,0,4,0,4,0,4,0
BroadleafCommerce Common Libraries,org.broadleafcommerce.common.i18n.dao,TranslationDaoExtensionManager,6,0,0,0,3,0,2,0,2,0
BroadleafCommerce Common Libraries,org.broadleafcommerce.common.i18n.dao,ISODaoImpl,30,0,0,0,6,0,4,0,4,0
BroadleafCommerce Common Libraries,org.broadleafcommerce.common.i18n.dao,TranslationDaoImpl,803,0,50,0,123,0,45,0,20,0
BroadleafCommerce Common Libraries,org.broadleafcommerce.common.util.dao,TQJoin,30,0,0,0,9,0,2,0,2,0
BroadleafCommerce Common Libraries,org.broadleafcommerce.common.util.dao,TQOrder,42,0,4,0,10,0,4,0,2,0
BroadleafCommerce Common Libraries,org.broadleafcommerce.common.util.dao,TypedQueryBuilder,125,148,12,10,26,29,12,11,5,7
BroadleafCommerce Common Libraries,org.broadleafcommerce.common.util.dao,TQRestriction,11,158,2,14,1,31,2,11,0,5
BroadleafCommerce Common Libraries,org.broadleafcommerce.common.util.dao,TQRestriction.Mode,9,29,0,0,0,2,2,2,2,2
BroadleafCommerce Common Libraries,org.broadleafcommerce.common.util.dao,BatchRetrieveDao,55,0,4,0,14,0,6,0,4,0
BroadleafCommerce Common Libraries,org.broadleafcommerce.common.util.dao,EJB3ConfigurationDaoImpl,71,0,4,0,16,0,6,0,4,0
BroadleafCommerce Common Libraries,org.broadleafcommerce.common.util.dao,QueryUtils,69,0,0,0,15,0,4,0,4,0
BroadleafCommerce Common Libraries,org.broadleafcommerce.common.util.dao,DynamicDaoHelperImpl,555,0,60,0,146,0,45,0,15,0
BroadleafCommerce Common Libraries,org.broadleafcommerce.common.extensibility.context.merge,AbstractRemoveBeanPostProcessor,255,0,34,0,74,0,29,0,12,0
BroadleafCommerce Common Libraries,org.broadleafcommerce.common.extensibility.context.merge,DynamicResourceIterator,181,0,12,0,46,0,16,0,10,0
BroadleafCommerce Common Libraries,org.broadleafcommerce.common.extensibility.context.merge,EarlyStageRemoveBeanPostProcessor,13,0,0,0,5,0,3,0,3,0
BroadleafCommerce Common Libraries,org.broadleafcommerce.common.extensibility.context.merge,MergeXmlConfigResource,313,0,28,0,81,0,22,0,8,0
BroadleafCommerce Common Libraries,org.broadleafcommerce.common.extensibility.context.merge,MergeManager,697,0,82,0,159,0,51,0,10,0
BroadleafCommerce Common Libraries,org.broadleafcommerce.common.extensibility.context.merge,Placement,48,0,0,0,2,0,4,0,4,0
BroadleafCommerce Common Libraries,org.broadleafcommerce.common.extensibility.context.merge,MultiTenantMergeBeanStatusProvider,7,0,0,0,2,0,2,0,2,0
BroadleafCommerce Common Libraries,org.broadleafcommerce.common.extensibility.context.merge,AbstractMergeBeanPostProcessor,347,0,44,0,98,0,40,0,15,0
BroadleafCommerce Common Libraries,org.broadleafcommerce.common.extensibility.context.merge,LateStageRemoveBeanPostProcessor,13,0,0,0,5,0,3,0,3,0
BroadleafCommerce Common Libraries,org.broadleafcommerce.common.extensibility.context.merge,LateStageMergeBeanPostProcessor,13,0,0,0,5,0,3,0,3,0
BroadleafCommerce Common Libraries,org.broadleafcommerce.common.extensibility.context.merge,AbstractMergeBeanPostProcessor.new Object() {...},26,0,0,0,1,0,1,0,1,0
BroadleafCommerce Common Libraries,org.broadleafcommerce.common.extensibility.context.merge,MergeManager.new Comparator() {...},14,0,0,0,2,0,2,0,2,0
BroadleafCommerce Common Libraries,org.broadleafcommerce.common.extensibility.context.merge,MergeManager.new MergeHandlerAdapter() {...},12,0,0,0,2,0,2,0,2,0
BroadleafCommerce Common Libraries,org.broadleafcommerce.common.extensibility.context.merge,MergePoint,170,0,22,0,34,0,15,0,4,0
BroadleafCommerce Common Libraries,org.broadleafcommerce.common.extensibility.context.merge,ImportProcessor,190,0,8,0,47,0,7,0,3,0
BroadleafCommerce Common Libraries,org.broadleafcommerce.common.extensibility.context.merge,EarlyStageMergeBeanPostProcessor,13,0,0,0,5,0,3,0,3,0
BroadleafCommerce Common Libraries,org.broadleafcommerce.common.util.sql.importsql,DemoSqlServerSingleLineSqlCommandExtractor,137,0,4,0,22,0,6,0,4,0
BroadleafCommerce Common Libraries,org.broadleafcommerce.common.util.sql.importsql,DemoOracleSingleLineSqlCommandExtractor,306,0,18,0,49,0,13,0,4,0
BroadleafCommerce Common Libraries,org.broadleafcommerce.common.util.sql.importsql,DemoPostgresSingleLineSqlCommandExtractor,58,0,2,0,13,0,4,0,3,0
BroadleafCommerce Common Libraries,org.broadleafcommerce.common.web.patch,EvaluationUtilPatch,111,0,30,0,25,0,17,0,2,0
BroadleafCommerce Common Libraries,org.broadleafcommerce.common.extensibility.context.merge.handlers,MergeHandlerAdapter,17,0,0,0,10,0,10,0,10,0
BroadleafCommerce Common Libraries,org.broadleafcommerce.common.extensibility.context.merge.handlers,SchemaLocationNodeValueMerge,0,98,0,8,0,18,0,7,0,3
BroadleafCommerce Common Libraries,org.broadleafcommerce.common.extensibility.context.merge.handlers,MetadataOverrideNodeReplaceInsert,35,0,6,0,9,0,5,0,2,0
BroadleafCommerce Common Libraries,org.broadleafcommerce.common.extensibility.context.merge.handlers,InsertItems,183,0,14,0,37,0,10,0,3,0
BroadleafCommerce Common Libraries,org.broadleafcommerce.common.extensibility.context.merge.handlers,LiberalNodeReplaceInsert,44,0,8,0,11,0,6,0,2,0
BroadleafCommerce Common Libraries,org.broadleafcommerce.common.extensibility.context.merge.handlers,SpaceDelimitedNodeValueMerge,2,3,0,0,1,1,1,1,1,1
BroadleafCommerce Common Libraries,org.broadleafcommerce.common.extensibility.context.merge.handlers,InsertChildrenOf,65,0,8,0,12,0,6,0,2,0
BroadleafCommerce Common Libraries,org.broadleafcommerce.common.extensibility.context.merge.handlers,NonEmptyNodeReplaceInsert.new Comparator() {...},31,0,0,0,6,0,2,0,2,0
BroadleafCommerce Common Libraries,org.broadleafcommerce.common.extensibility.context.merge.handlers,NonEmptyNodeReplaceInsert,91,0,10,0,20,0,7,0,2,0
BroadleafCommerce Common Libraries,org.broadleafcommerce.common.extensibility.context.merge.handlers,AttributePreserveInsert,78,0,8,0,18,0,6,0,2,0
BroadleafCommerce Common Libraries,org.broadleafcommerce.common.extensibility.context.merge.handlers,NodeReplaceInsert,370,0,42,0,84,0,30,0,9,0
BroadleafCommerce Common Libraries,org.broadleafcommerce.common.extensibility.context.merge.handlers,NodeReplaceInsert.new Comparator() {...},38,0,10,0,15,0,7,0,2,0
BroadleafCommerce Common Libraries,org.broadleafcommerce.common.extensibility.context.merge.handlers,CommaDelimitedNodeValueMerge,8,0,0,0,3,0,3,0,3,0
BroadleafCommerce Common Libraries,org.broadleafcommerce.common.extensibility.context.merge.handlers,AttributePreserveInsert.new Comparator() {...},14,0,0,0,2,0,2,0,2,0
BroadleafCommerce Common Libraries,org.broadleafcommerce.common.extensibility.context.merge.handlers,BaseHandler,41,7,0,0,13,2,9,1,9,1
BroadleafCommerce Common Libraries,org.broadleafcommerce.common.extensibility.context.merge.handlers,NodeValueMerge,140,12,14,0,26,4,10,2,3,2
BroadleafCommerce Common Libraries,org.broadleafcommerce.common.extensibility.context.merge.handlers,NodeReplace,67,0,8,0,14,0,7,0,3,0
BroadleafCommerce Common Libraries,org.broadleafcommerce.common.vendor.service.monitor,ServiceMonitor,130,0,10,0,33,0,15,0,10,0
BroadleafCommerce Common Libraries,org.broadleafcommerce.common.sitemap.wrapper,SiteMapIndexWrapper,4,11,0,0,2,3,1,2,1,2
BroadleafCommerce Common Libraries,org.broadleafcommerce.common.sitemap.wrapper,SiteMapURLWrapper,10,49,3,3,3,20,4,11,1,11
BroadleafCommerce Common Libraries,org.broadleafcommerce.common.sitemap.wrapper,SiteMapURLSetWrapper,4,11,0,0,2,3,1,2,1,2
BroadleafCommerce Common Libraries,org.broadleafcommerce.common.sitemap.wrapper,SiteMapWrapper,0,17,0,0,0,7,0,5,0,5
BroadleafCommerce Common Libraries,org.broadleafcommerce.common.email.service.exception,EmailException,16,0,0,0,8,0,4,0,4,0
BroadleafCommerce Common Libraries,org.broadleafcommerce.common.money.util,CurrencyAdapter,9,0,0,0,3,0,3,0,3,0
BroadleafCommerce Common Libraries,org.broadleafcommerce.common.web.dialect,BLCDialect,31,0,0,0,10,0,6,0,6,0
BroadleafCommerce Common Libraries,org.broadleafcommerce.common.web.dialect,BLCAdminDialect,19,0,0,0,7,0,5,0,5,0
BroadleafCommerce Common Libraries,org.broadleafcommerce.common.web.dialect,AbstractModelVariableModifierProcessor,76,0,4,0,21,0,8,0,6,0
BroadleafCommerce Common Libraries,org.broadleafcommerce.common.copy,MultiTenantCopierExtensionManager,6,0,0,0,3,0,2,0,2,0
BroadleafCommerce Common Libraries,org.broadleafcommerce.common.copy,CreateResponse,18,0,0,0,7,0,3,0,3,0
BroadleafCommerce Common Libraries,org.broadleafcommerce.common.copy,MultiTenantCopyContext,538,0,42,0,111,0,36,0,15,0
BroadleafCommerce Common Libraries,org.broadleafcommerce.common.copy,MultiTenantCopier.2.new CopyOperation() {...},14,0,0,0,2,0,2,0,2,0
BroadleafCommerce Common Libraries,org.broadleafcommerce.common.copy,MultiTenantCopier,446,0,42,0,78,0,34,0,13,0
BroadleafCommerce Common Libraries,org.broadleafcommerce.common.copy,MultiTenantCopyContext.new IdentityOperation() {...},34,0,2,0,5,0,3,0,2,0
BroadleafCommerce Common Libraries,org.broadleafcommerce.common.copy,MultiTenantCopier.new IdentityOperation() {...},26,0,0,0,2,0,2,0,2,0
BroadleafCommerce Common Libraries,org.broadleafcommerce.common.copy,MultiTenantCopier.new IdentityOperation() {...},16,0,0,0,2,0,2,0,2,0
BroadleafCommerce Common Libraries,org.broadleafcommerce.common.copy,MultiTenantCopier.new IdentityOperation() {...},16,0,0,0,2,0,2,0,2,0
BroadleafCommerce Common Libraries,org.broadleafcommerce.common.copy,MultiTenantCopier.new IdentityOperation() {...},16,0,0,0,2,0,2,0,2,0
BroadleafCommerce Common Libraries,org.broadleafcommerce.common.copy,MultiTenantCopier.new StreamCapableTransactionalOperationAdapter() {...},100,0,2,0,18,0,6,0,5,0
BroadleafCommerce Common Libraries,org.broadleafcommerce.common.copy,MultiTenantCopier.new IdentityOperation() {...},17,0,0,0,3,0,2,0,2,0
BroadleafCommerce Common Libraries,org.broadleafcommerce.common.copy,AbstractMultiTenantCopierExtensionHandler,7,0,0,0,3,0,3,0,3,0
BroadleafCommerce Common Libraries,org.broadleafcommerce.common.security.handler,CsrfFilter,82,0,12,0,23,0,11,0,5,0
BroadleafCommerce Common Libraries,org.broadleafcommerce.common.payment.service,PaymentGatewayWebResponsePrintServiceImpl,142,0,6,0,36,0,5,0,2,0
BroadleafCommerce Common Libraries,org.broadleafcommerce.common.payment.service,PaymentGatewayTamperProofSealServiceImpl,64,0,4,0,14,0,5,0,3,0
BroadleafCommerce Common Libraries,org.broadleafcommerce.common.payment.service,PaymentGatewayConfigurationServiceProviderImpl,50,0,6,0,11,0,7,0,4,0
BroadleafCommerce Common Libraries,org.broadleafcommerce.common.payment.service,AbstractExternalPaymentGatewayCall,73,0,4,0,20,0,7,0,5,0
BroadleafCommerce Common Libraries,org.broadleafcommerce.common.payment.service,PaymentGatewayResolverImpl,7,0,0,0,3,0,3,0,3,0
BroadleafCommerce Common Libraries,org.thymeleaf.templatewriter,CacheAwareGeneralTemplateWriter,136,0,14,0,36,0,14,0,7,0
BroadleafCommerce Common Libraries,org.broadleafcommerce.common.file,FileServiceException,16,0,0,0,8,0,4,0,4,0
BroadleafCommerce Common Libraries,org.broadleafcommerce.common.email.service,EmailTrackingManagerImpl,144,0,14,0,30,0,12,0,5,0
BroadleafCommerce Common Libraries,org.broadleafcommerce.common.email.service,NullEmailServiceImpl,9,0,0,0,4,0,4,0,4,0
BroadleafCommerce Common Libraries,org.broadleafcommerce.common.email.service,EmailServiceImpl,140,0,14,0,39,0,19,0,12,0
BroadleafCommerce Common Libraries,org.broadleafcommerce.common.email.service,LoggingMailSender,93,0,4,0,25,0,5,0,3,0
BroadleafCommerce Common Libraries,org.broadleafcommerce.common.currency.domain,BroadleafCurrencyImpl,106,0,18,0,27,0,19,0,10,0
BroadleafCommerce Common Libraries,org.broadleafcommerce.common.currency.domain,NullBroadleafCurrency,12,0,0,0,7,0,7,0,7,0
BroadleafCommerce Common Libraries,org.broadleafcommerce.common.currency.domain,BroadleafRequestedCurrencyDto,15,0,0,0,6,0,3,0,3,0
BroadleafCommerce Common Libraries,org.broadleafcommerce.common.presentation,RuleIdentifier,63,0,0,0,14,0,2,0,2,0
BroadleafCommerce Common Libraries,org.broadleafcommerce.common.presentation,NullBroadleafEnumerationType,5,0,0,0,2,0,2,0,2,0
BroadleafCommerce Common Libraries,org.broadleafcommerce.common.presentation,PopulateToOneFieldsEnum,48,0,0,0,2,0,4,0,4,0
BroadleafCommerce Common Libraries,org.broadleafcommerce.common.presentation,RequiredOverride,48,0,0,0,4,0,4,0,4,0
BroadleafCommerce Common Libraries,org.broadleafcommerce.common.presentation,OptionFilterParamType,88,0,0,0,2,0,4,0,4,0
BroadleafCommerce Common Libraries,org.broadleafcommerce.common.entity.dto,EntityInformationDto,38,0,4,0,12,0,11,0,9,0
BroadleafCommerce Common Libraries,org.broadleafcommerce.common.security.ldap,BroadleafActiveDirectoryUserDetailsMapper,157,0,20,0,37,0,15,0,5,0
BroadleafCommerce Common Libraries,org.broadleafcommerce.common.sitemap.domain.weave,OptionalEnterpriseSiteMapConfigurationSiteMapGeneratorConfigurationTemplate,8,0,0,0,2,0,1,0,1,0
BroadleafCommerce Common Libraries,org.broadleafcommerce.common.config.service.type,SystemPropertyFieldType,128,0,16,0,36,0,17,0,9,0
BroadleafCommerce Common Libraries,org.broadleafcommerce.common.config.service.type,ModuleConfigurationType,63,71,14,2,19,18,12,5,4,5
BroadleafCommerce Common Libraries,org.broadleafcommerce.common.i18n.domain,ISOCountryImpl,220,0,48,0,58,0,38,0,14,0
BroadleafCommerce Common Libraries,org.broadleafcommerce.common.i18n.domain,TranslatedEntity,257,0,20,0,59,0,21,0,11,0
BroadleafCommerce Common Libraries,org.broadleafcommerce.common.i18n.domain,TranslationImpl,82,0,2,0,29,0,15,0,14,0
BroadleafCommerce Common Libraries,org.broadleafcommerce.common.web.form,BroadleafFormType,116,0,16,0,34,0,17,0,9,0
BroadleafCommerce Common Libraries,org.broadleafcommerce.common.dialect,Broadleaf2CompatibilityMySQL5InnoDBDialect,7,0,0,0,3,0,1,0,1,0
BroadleafCommerce Common Libraries,org.broadleafcommerce.common.payment.dto,CustomerCreditDTO,40,0,0,0,14,0,6,0,6,0
BroadleafCommerce Common Libraries,org.broadleafcommerce.common.payment.dto,SubscriptionDTO,88,0,12,0,24,0,20,0,14,0
BroadleafCommerce Common Libraries,org.broadleafcommerce.common.payment.dto,PaymentResponseDTO,184,0,0,0,56,0,31,0,31,0
BroadleafCommerce Common Libraries,org.broadleafcommerce.common.payment.dto,GiftCardDTO,40,0,0,0,14,0,6,0,6,0
BroadleafCommerce Common Libraries,org.broadleafcommerce.common.payment.dto,GatewayCustomerDTO,143,0,22,0,39,0,35,0,24,0
BroadleafCommerce Common Libraries,org.broadleafcommerce.common.payment.dto,CreditCardDTO,132,0,20,0,36,0,32,0,22,0
BroadleafCommerce Common Libraries,org.broadleafcommerce.common.payment.dto,PaymentRequestDTO,254,0,20,0,64,0,50,0,40,0
BroadleafCommerce Common Libraries,org.broadleafcommerce.common.payment.dto,LineItemDTO,111,0,0,0,39,0,24,0,24,0
BroadleafCommerce Common Libraries,org.broadleafcommerce.common.payment.dto,AddressDTO,173,0,26,0,48,0,43,0,30,0
BroadleafCommerce Common Libraries,org.broadleafcommerce.common.exception,SiteNotFoundException,16,0,0,0,8,0,4,0,4,0
BroadleafCommerce Common Libraries,org.broadleafcommerce.common.exception,BroadleafException,63,0,10,0,22,0,12,0,7,0
BroadleafCommerce Common Libraries,org.broadleafcommerce.common.exception,SecurityServiceException,16,0,0,0,8,0,4,0,4,0
BroadleafCommerce Common Libraries,org.broadleafcommerce.common.exception,ServiceException,35,0,6,0,14,0,8,0,5,0
BroadleafCommerce Common Libraries,org.broadleafcommerce.common.exception,ProxyDetectionException,23,0,0,0,10,0,5,0,5,0
BroadleafCommerce Common Libraries,org.broadleafcommerce.common.exception,TranslatableException,99,0,8,0,24,0,11,0,7,0
BroadleafCommerce Common Libraries,org.broadleafcommerce.common.exception,NoPossibleResultsException,16,0,0,0,8,0,4,0,4,0
BroadleafCommerce Common Libraries,org.broadleafcommerce.common.exception,ExceptionHelper,192,0,20,0,37,0,21,0,11,0
BroadleafCommerce Common Libraries,org.broadleafcommerce.common.jmx,ExplicitNameFactoryBean,26,0,0,0,7,0,4,0,4,0
BroadleafCommerce Common Libraries,org.broadleafcommerce.common.jmx,MetadataMBeanInfoAssembler,37,0,0,0,11,0,6,0,6,0
BroadleafCommerce Common Libraries,org.broadleafcommerce.common.jmx,MetadataNamingStrategy,11,0,0,0,3,0,2,0,2,0
BroadleafCommerce Common Libraries,org.broadleafcommerce.common.jmx,AspectUtil,25,0,4,0,8,0,4,0,2,0
BroadleafCommerce Common Libraries,org.broadleafcommerce.common.jmx,AnnotationJmxAttributeSource,35,0,4,0,9,0,4,0,2,0
BroadleafCommerce Common Libraries,org.broadleafcommerce.common.i18n.service,TranslationServiceImpl,908,0,114,0,203,0,82,0,25,0
BroadleafCommerce Common Libraries,org.broadleafcommerce.common.i18n.service,TranslationBatchReadCache.new Transformer() {...},10,0,0,0,2,0,2,0,2,0
BroadleafCommerce Common Libraries,org.broadleafcommerce.common.i18n.service,DynamicTranslationProvider,33,0,4,0,10,0,4,0,2,0
BroadleafCommerce Common Libraries,org.broadleafcommerce.common.i18n.service,ISOServiceImpl,21,0,0,0,5,0,5,0,5,0
BroadleafCommerce Common Libraries,org.broadleafcommerce.common.i18n.service,TranslationConsiderationContext,52,0,8,0,11,0,11,0,7,0
BroadleafCommerce Common Libraries,org.broadleafcommerce.common.i18n.service,TranslationServiceExtensionManager,4,0,0,0,2,0,1,0,1,0
BroadleafCommerce Common Libraries,org.broadleafcommerce.common.i18n.service,TranslationBatchReadCache,90,0,6,0,14,0,10,0,7,0
BroadleafCommerce Common Libraries,org.broadleafcommerce.common.entity.service,EntityInformationServiceExtensionManager,4,0,0,0,2,0,1,0,1,0
BroadleafCommerce Common Libraries,org.broadleafcommerce.common.entity.service,AbstractEntityInformationServiceExtensionHandler,11,0,0,0,5,0,5,0,5,0
BroadleafCommerce Common Libraries,org.broadleafcommerce.common.entity.service,EntityInformationServiceImpl,72,0,0,0,15,0,6,0,6,0
BroadleafCommerce Common Libraries,org.broadleafcommerce.common.email.domain,EmailTrackingClicksImpl,201,0,42,0,56,0,36,0,15,0
BroadleafCommerce Common Libraries,org.broadleafcommerce.common.email.domain,EmailTrackingImpl,240,0,50,0,64,0,40,0,15,0
BroadleafCommerce Common Libraries,org.broadleafcommerce.common.email.domain,EmailTrackingOpensImpl,171,0,38,0,49,0,30,0,11,0
BroadleafCommerce Common Libraries,org.broadleafcommerce.common.email.domain,EmailTargetImpl,113,0,18,0,33,0,18,0,9,0
BroadleafCommerce Common Libraries,org.broadleafcommerce.common.logging,DisableSupportLoggerAdapter,19,0,0,0,16,0,16,0,16,0
BroadleafCommerce Common Libraries,org.broadleafcommerce.common.logging,AbstractSupportLoggerAdapter,3,0,0,0,1,0,1,0,1,0
BroadleafCommerce Common Libraries,org.broadleafcommerce.common.logging,SystemSupportLoggerAdapter,313,0,41,0,94,0,48,0,25,0
BroadleafCommerce Common Libraries,org.broadleafcommerce.common.logging,SupportLogManager,14,0,0,0,3,0,3,0,3,0
BroadleafCommerce Common Libraries,org.broadleafcommerce.common.logging,SLF4JSupportLoggerAdapter,118,0,5,0,45,0,23,0,19,0
BroadleafCommerce Common Libraries,org.broadleafcommerce.common.logging,Log4jManagementBean,33,0,0,0,12,0,7,0,7,0
BroadleafCommerce Common Libraries,org.broadleafcommerce.common.logging,ProcessDetailLogger,259,0,40,0,51,0,31,0,11,0
BroadleafCommerce Common Libraries,org.broadleafcommerce.common.logging,LifeCycleEvent,68,0,0,0,6,0,4,0,4,0
BroadleafCommerce Common Libraries,org.broadleafcommerce.common.logging,SupportLogger,303,0,6,0,45,0,19,0,16,0
BroadleafCommerce Common Libraries,org.broadleafcommerce.common.logging,ModuleLifecycleLoggingBean,39,0,4,0,12,0,8,0,6,0
BroadleafCommerce Common Libraries,org.broadleafcommerce.common.web,BroadleafThymeleafViewResolver,364,0,50,0,86,0,42,0,17,0
BroadleafCommerce Common Libraries,org.broadleafcommerce.common.web,EnforceEnterpriseCollectionBehaviorState,9,39,0,0,0,2,2,2,2,2
BroadleafCommerce Common Libraries,org.broadleafcommerce.common.web,BroadleafThymeleafMessageResolver,73,0,6,0,15,0,6,0,3,0
BroadleafCommerce Common Libraries,org.broadleafcommerce.common.web,BroadleafCurrencyResolverImpl,111,0,18,0,26,0,13,0,4,0
BroadleafCommerce Common Libraries,org.broadleafcommerce.common.web,BroadleafRequestProcessor,284,0,26,0,76,0,18,0,5,0
BroadleafCommerce Common Libraries,org.broadleafcommerce.common.web,BLCAbstractHandlerMapping,12,0,0,0,5,0,4,0,4,0
BroadleafCommerce Common Libraries,org.broadleafcommerce.common.web,DeployState,9,39,0,0,0,2,2,2,2,2
BroadleafCommerce Common Libraries,org.broadleafcommerce.common.web,NullBroadleafSiteResolver,17,0,0,0,4,0,4,0,4,0
BroadleafCommerce Common Libraries,org.broadleafcommerce.common.web,BroadleafThymeleafTemplateModeHandler,38,0,4,0,10,0,6,0,4,0
BroadleafCommerce Common Libraries,org.broadleafcommerce.common.web,BroadleafTimeZoneResolverImpl,107,0,18,0,22,0,12,0,3,0
BroadleafCommerce Common Libraries,org.broadleafcommerce.common.web,BroadleafLocaleResolverImpl,154,0,24,0,33,0,16,0,4,0
BroadleafCommerce Common Libraries,org.broadleafcommerce.common.web,JsonResponse,43,0,0,0,12,0,3,0,3,0
BroadleafCommerce Common Libraries,org.broadleafcommerce.common.web,BroadleafThymeleafStandardTemplateModeHandlers,31,0,2,0,8,0,5,0,4,0
BroadleafCommerce Common Libraries,org.broadleafcommerce.common.web,BroadleafRequestInterceptor,14,0,0,0,6,0,4,0,4,0
BroadleafCommerce Common Libraries,org.broadleafcommerce.common.web,BroadleafThymeleafServletContextTemplateResolver,92,0,16,0,25,0,12,0,4,0
BroadleafCommerce Common Libraries,org.broadleafcommerce.common.web,ValidateProductionChangesState,9,39,0,0,0,2,2,2,2,2
BroadleafCommerce Common Libraries,org.broadleafcommerce.common.web,NullBroadleafThemeResolver,18,0,0,0,4,0,3,0,3,0
BroadleafCommerce Common Libraries,org.broadleafcommerce.common.web,BroadleafRequestFilter,380,0,26,0,38,0,19,0,6,0
BroadleafCommerce Common Libraries,org.broadleafcommerce.common.web,BroadleafSandBoxResolverImpl,489,0,74,0,114,0,46,0,9,0
BroadleafCommerce Common Libraries,org.broadleafcommerce.common.web,AbstractBroadleafThymeleafResolverExtensionHandler,9,0,0,0,4,0,4,0,4,0
BroadleafCommerce Common Libraries,org.broadleafcommerce.common.web,NullBroadleafTemplateResolver,11,0,0,0,5,0,5,0,5,0
BroadleafCommerce Common Libraries,org.broadleafcommerce.common.web,AbstractBroadleafWebRequestProcessor,4,0,0,0,2,0,2,0,2,0
BroadleafCommerce Common Libraries,org.broadleafcommerce.common.web,BroadleafRequestContext.new TypeReference() {...},3,0,0,0,1,0,1,0,1,0
BroadleafCommerce Common Libraries,org.broadleafcommerce.common.web,BroadleafThymeleafViewResolverExtensionManager,19,0,2,0,7,0,4,0,3,0
BroadleafCommerce Common Libraries,org.broadleafcommerce.common.web,DeployBehavior,9,39,0,0,0,2,2,2,2,2
BroadleafCommerce Common Libraries,org.broadleafcommerce.common.web,BroadleafRequestCustomerResolverImpl,49,0,0,0,15,0,10,0,10,0
BroadleafCommerce Common Libraries,org.broadleafcommerce.common.web,BaseUrlResolverImpl,49,0,4,0,9,0,5,0,3,0
BroadleafCommerce Common Libraries,org.broadleafcommerce.common.web,BroadleafRequestContext,960,61,114,0,219,20,117,8,60,8
BroadleafCommerce Common Libraries,org.broadleafcommerce.common.web,SandBoxContext,47,0,0,0,16,0,9,0,9,0
BroadleafCommerce Common Libraries,org.broadleafcommerce.common.web,BroadleafCookieLocaleResolver,23,0,4,0,8,0,4,0,2,0
BroadleafCommerce Common Libraries,org.broadleafcommerce.common.payment,PaymentDeclineType,110,0,16,0,33,0,17,0,9,0
BroadleafCommerce Common Libraries,org.broadleafcommerce.common.payment,PaymentGatewayType,110,0,16,0,33,0,17,0,9,0
BroadleafCommerce Common Libraries,org.broadleafcommerce.common.payment,PaymentAdditionalFieldType,212,0,16,0,50,0,17,0,9,0
BroadleafCommerce Common Libraries,org.broadleafcommerce.common.payment,CreditCardType,140,0,16,0,38,0,17,0,9,0
BroadleafCommerce Common Libraries,org.broadleafcommerce.common.payment,AccountNumberMask,124,0,6,0,22,0,6,0,3,0
BroadleafCommerce Common Libraries,org.broadleafcommerce.common.payment,UnmaskRange,15,0,0,0,6,0,3,0,3,0
BroadleafCommerce Common Libraries,org.broadleafcommerce.common.payment,PaymentLogEventType,110,0,16,0,33,0,17,0,9,0
BroadleafCommerce Common Libraries,org.broadleafcommerce.common.payment,CreditCardTypeCheck,89,0,20,0,19,0,12,0,2,0
BroadleafCommerce Common Libraries,org.broadleafcommerce.common.payment,PaymentType,200,0,16,0,50,0,19,0,11,0
BroadleafCommerce Common Libraries,org.broadleafcommerce.common.payment,PaymentTransactionType,146,0,16,0,39,0,17,0,9,0
BroadleafCommerce Common Libraries,org.broadleafcommerce.common.breadcrumbs.dto,BreadcrumbDTOType,128,0,16,0,36,0,17,0,9,0
BroadleafCommerce Common Libraries,org.broadleafcommerce.common.breadcrumbs.dto,BreadcrumbDTO,30,0,2,0,12,0,8,0,7,0
BroadleafCommerce Common Libraries,org.broadleafcommerce.common.file.service,BroadleafFileServiceImpl.new FileFilter() {...},0,17,0,0,0,3,0,2,0,2
BroadleafCommerce Common Libraries,org.broadleafcommerce.common.file.service,BroadleafFileServiceImpl,327,365,45,31,70,87,46,26,15,19
BroadleafCommerce Common Libraries,org.broadleafcommerce.common.file.service,FileSystemFileServiceProvider,80,270,5,25,10,58,5,20,1,9
BroadleafCommerce Common Libraries,org.broadleafcommerce.common.file.service,BroadleafFileServiceExtensionManager,4,0,0,0,2,0,1,0,1,0
BroadleafCommerce Common Libraries,org.broadleafcommerce.common.file.service,StaticAssetPathServiceImpl,297,0,64,0,61,0,42,0,10,0
BroadleafCommerce Common Libraries,org.broadleafcommerce.common.file.service,GloballySharedInputStream,48,0,0,0,15,0,10,0,10,0
BroadleafCommerce Common Libraries,org.broadleafcommerce.common.file.service,BroadleafFileUtils,33,29,3,3,8,5,7,3,5,2
BroadleafCommerce Common Libraries,org.broadleafcommerce.common.security.service,ExploitProtectionServiceImpl,236,0,18,0,63,0,23,0,14,0
BroadleafCommerce Common Libraries,org.broadleafcommerce.common.security.service,ExploitProtectionServiceImpl.Handler,13,0,0,0,3,0,2,0,2,0
BroadleafCommerce Common Libraries,org.broadleafcommerce.common.security.service,CleanStringException,13,0,0,0,6,0,3,0,3,0
BroadleafCommerce Common Libraries,org.broadleafcommerce.common.web.exception,HaltFilterChainException,16,0,0,0,8,0,4,0,4,0
BroadleafCommerce Common Libraries,org.broadleafcommerce.common.config.service,ModuleConfigurationServiceImpl,33,0,0,0,8,0,7,0,7,0
BroadleafCommerce Common Libraries,org.broadleafcommerce.common.config.service,SystemPropertiesServiceImpl,335,0,52,0,88,0,43,0,17,0
BroadleafCommerce Common Libraries,org.broadleafcommerce.common.config.service,AbstractSystemPropertyServiceExtensionHandler,5,0,0,0,2,0,2,0,2,0
BroadleafCommerce Common Libraries,org.broadleafcommerce.common.config.service,SystemPropertyServiceExtensionManager,6,0,0,0,3,0,2,0,2,0
BroadleafCommerce Common Libraries,org.broadleafcommerce.common.cache,Log4jStatisticsServiceLogAdapter,13,0,0,0,5,0,3,0,3,0
BroadleafCommerce Common Libraries,org.broadleafcommerce.common.cache,AbstractCacheMissAware.new InvocationHandler() {...},58,0,10,0,8,0,7,0,2,0
BroadleafCommerce Common Libraries,org.broadleafcommerce.common.cache,StatisticsServiceImpl,359,0,28,0,72,0,33,0,19,0
BroadleafCommerce Common Libraries,org.broadleafcommerce.common.cache,CacheStatType,108,0,0,0,10,0,4,0,4,0
BroadleafCommerce Common Libraries,org.broadleafcommerce.common.cache,NoOpStatisticsServiceLogAdapter,5,0,0,0,3,0,3,0,3,0
BroadleafCommerce Common Libraries,org.broadleafcommerce.common.cache,HydratedSetup,289,0,28,0,56,0,22,0,8,0
BroadleafCommerce Common Libraries,org.broadleafcommerce.common.cache,CacheStat,86,0,2,0,18,0,9,0,8,0
BroadleafCommerce Common Libraries,org.broadleafcommerce.common.cache,AbstractCacheMissAware,243,0,34,0,47,0,25,0,8,0
BroadleafCommerce Common Libraries,org.broadleafcommerce.common.sitemap.service,SiteMapBuilder,66,234,5,9,13,58,6,12,1,10
BroadleafCommerce Common Libraries,org.broadleafcommerce.common.sitemap.service,CustomUrlSiteMapGenerator,13,80,4,8,4,20,4,7,0,5
BroadleafCommerce Common Libraries,org.broadleafcommerce.common.sitemap.service,SiteMapServiceImpl,336,161,45,17,75,42,38,11,9,9
BroadleafCommerce Common Libraries,org.broadleafcommerce.common.sitemap.service,SiteMapGenerationResponse,21,21,0,0,9,7,6,3,6,3
BroadleafCommerce Common Libraries,org.broadleafcommerce.common.extension,StandardCacheItem,17,0,0,0,7,0,5,0,5,0
BroadleafCommerce Common Libraries,org.broadleafcommerce.common.extension,AbstractExtensionHandler,20,0,0,0,8,0,5,0,5,0
BroadleafCommerce Common Libraries,org.broadleafcommerce.common.extension,ExtensionResultStatusType,58,0,0,0,5,0,4,0,4,0
BroadleafCommerce Common Libraries,org.broadleafcommerce.common.extension,ItemStatus,38,0,0,0,2,0,4,0,4,0
BroadleafCommerce Common Libraries,org.broadleafcommerce.common.extension,ExtensionManager,191,0,28,0,53,0,25,0,11,0
BroadleafCommerce Common Libraries,org.broadleafcommerce.common.extension,ExtensionResultHolder,17,8,0,0,7,2,5,1,5,1
BroadleafCommerce Common Libraries,org.broadleafcommerce.common.extension,ResultType,68,0,0,0,2,0,4,0,4,0
BroadleafCommerce Common Libraries,org.broadleafcommerce.common.file.service.type,FileApplicationType,71,51,15,1,22,13,14,3,6,3
BroadleafCommerce Common Libraries,org.broadleafcommerce.common.config,RuntimeEnvironmentPropertiesConfigurer.PropertyPlaceholderConfigurerResolver,17,0,0,0,4,0,2,0,2,0
BroadleafCommerce Common Libraries,org.broadleafcommerce.common.config,RuntimeEnvironmentPropertiesConfigurer,704,0,72,0,142,0,55,0,19,0
BroadleafCommerce Common Libraries,org.broadleafcommerce.common.config,RuntimeEnvironmentPropertiesManager,155,0,14,0,25,0,14,0,7,0
BroadleafCommerce Common Libraries,org.broadleafcommerce.common.config,SystemPropertyRuntimeEnvironmentKeyResolver,14,0,0,0,6,0,3,0,3,0
BroadleafCommerce Common Libraries,org.broadleafcommerce.common.config,RuntimeEnvironmentPropertiesConfigurer.PlaceholderResolvingStringValueResolver,38,0,2,0,6,0,3,0,2,0
BroadleafCommerce Common Libraries,org.broadleafcommerce.common.extensibility.cache.ehcache,MergeEhCacheManagerFactoryBean,171,0,14,0,44,0,12,0,5,0
BroadleafCommerce Common Libraries,org.broadleafcommerce.common.resource.service,ResourceBundlingServiceImpl,640,0,56,0,125,0,48,0,20,0
BroadleafCommerce Common Libraries,org.broadleafcommerce.common.resource.service,ResourceMinificationServiceImpl,316,0,44,0,52,0,32,0,10,0
BroadleafCommerce Common Libraries,org.broadleafcommerce.common.resource.service,ResourceBundlingServiceImpl.new LockCallback() {...},64,0,6,0,9,0,5,0,2,0
BroadleafCommerce Common Libraries,org.broadleafcommerce.common.resource.service,ResourceMinificationServiceImpl.new ErrorReporter() {...},64,0,4,0,11,0,6,0,4,0
BroadleafCommerce Common Libraries,org.broadleafcommerce.common.web.resource.transformer,BroadleafCachingResourceTransformer,40,0,2,0,12,0,7,0,6,0
BroadleafCommerce Common Libraries,org.broadleafcommerce.common.web.resource.transformer,MinifyResourceTransformer,23,0,0,0,7,0,4,0,4,0
BroadleafCommerce Common Libraries,org.broadleafcommerce.common.time.domain,TemporalTimestampListener,134,0,26,0,30,0,16,0,3,0
BroadleafCommerce Common Libraries,org.broadleafcommerce.common.web.controller,BroadleafAbstractController,90,0,12,0,22,0,11,0,5,0
BroadleafCommerce Common Libraries,org.broadleafcommerce.common.web.controller,BroadleafRedirectController,31,0,4,0,7,0,4,0,2,0
BroadleafCommerce Common Libraries,org.broadleafcommerce.common.web.controller,BroadleafControllerUtility,74,0,8,0,9,0,7,0,3,0
BroadleafCommerce Common Libraries,org.broadleafcommerce.common.vendor.service.exception,TaxHostException,16,0,0,0,8,0,4,0,4,0
BroadleafCommerce Common Libraries,org.broadleafcommerce.common.vendor.service.exception,TaxException,23,0,0,0,11,0,6,0,6,0
BroadleafCommerce Common Libraries,org.broadleafcommerce.common.vendor.service.exception,FulfillmentPriceException,23,0,0,0,11,0,6,0,6,0
BroadleafCommerce Common Libraries,org.broadleafcommerce.common.vendor.service.exception,PaymentException,16,0,0,0,8,0,4,0,4,0
BroadleafCommerce Common Libraries,org.broadleafcommerce.common.vendor.service.exception,FulfillmentPriceHostException,16,0,0,0,8,0,4,0,4,0
BroadleafCommerce Common Libraries,org.broadleafcommerce.common.persistence,ArchiveStatus,53,7,14,0,10,2,11,1,4,1
BroadleafCommerce Common Libraries,org.broadleafcommerce.common.persistence,PreviewStatus,56,0,14,0,11,0,12,0,5,0
BroadleafCommerce Common Libraries,org.broadleafcommerce.common.persistence,IdOverrideTableGenerator,168,0,22,0,40,0,18,0,7,0
BroadleafCommerce Common Libraries,org.broadleafcommerce.common.persistence,EntityConfiguration,250,0,22,0,44,0,22,0,11,0
BroadleafCommerce Common Libraries,org.broadleafcommerce.common.persistence,SequenceGeneratorCorruptionDetection,653,0,64,0,122,0,35,0,3,0
BroadleafCommerce Common Libraries,org.broadleafcommerce.common.locale.util,LocaleConverter,55,0,8,0,11,0,6,0,2,0
BroadleafCommerce Common Libraries,org.broadleafcommerce.common.locale.util,LocaleUtil,44,0,8,0,9,0,6,0,2,0
BroadleafCommerce Common Libraries,org.broadleafcommerce.common.site.service.type,SiteResolutionType,110,0,16,0,33,0,17,0,9,0
BroadleafCommerce Common Libraries,org.broadleafcommerce.common.breadcrumbs.service,BreadcrumbHandlerDefaultPriorities,3,0,0,0,1,0,1,0,1,0
BroadleafCommerce Common Libraries,org.broadleafcommerce.common.breadcrumbs.service,BreadcrumbServiceExtensionManager,15,0,0,0,7,0,3,0,3,0
BroadleafCommerce Common Libraries,org.broadleafcommerce.common.breadcrumbs.service,BreadcrumbServiceImpl,32,0,2,0,8,0,3,0,2,0
BroadleafCommerce Common Libraries,org.broadleafcommerce.common.enumeration.domain,DataDrivenEnumerationValueImpl,85,0,6,0,29,0,15,0,12,0
BroadleafCommerce Common Libraries,org.broadleafcommerce.common.enumeration.domain,DataDrivenEnumerationImpl,98,0,6,0,31,0,15,0,12,0
BroadleafCommerce Common Libraries,org.broadleafcommerce.common.web.payment.processor,TRCreditCardExtensionManager,6,0,0,0,3,0,2,0,2,0
BroadleafCommerce Common Libraries,org.broadleafcommerce.common.web.payment.processor,TransparentRedirectCreditCardFormProcessor,237,0,16,0,51,0,13,0,5,0
BroadleafCommerce Common Libraries,org.broadleafcommerce.common.web.payment.processor,AbstractCreditCardTypesExtensionHandler,16,0,2,0,5,0,3,0,2,0
BroadleafCommerce Common Libraries,org.broadleafcommerce.common.web.payment.processor,AbstractTRCreditCardExtensionHandler,103,0,16,0,23,0,13,0,5,0
BroadleafCommerce Common Libraries,org.broadleafcommerce.common.web.payment.processor,CreditCardTypesProcessor,42,0,2,0,14,0,6,0,5,0
BroadleafCommerce Common Libraries,org.broadleafcommerce.common.web.payment.processor,CreditCardTypesExtensionManager,6,0,0,0,3,0,2,0,2,0
BroadleafCommerce Common Libraries,org.broadleafcommerce.common.web.extensibility,MergeContextLoader,79,0,0,0,22,0,4,0,4,0
BroadleafCommerce Common Libraries,org.broadleafcommerce.common.web.extensibility,MergeXmlWebApplicationContext,302,0,24,0,65,0,24,0,12,0
BroadleafCommerce Common Libraries,org.broadleafcommerce.common.sitemap.controller,BroadleafSiteMapController,42,0,6,0,10,0,7,0,4,0
BroadleafCommerce Common Libraries,org.broadleafcommerce.common.enumeration.dao,DataDrivenEnumerationDaoImpl,41,0,0,0,5,0,3,0,3,0
BroadleafCommerce Common Libraries,org.broadleafcommerce.common.page.dto,NullPageDTO,3,0,0,0,1,0,1,0,1,0
BroadleafCommerce Common Libraries,org.broadleafcommerce.common.page.dto,PageDTO,166,0,4,0,55,0,27,0,25,0
BroadleafCommerce Common Libraries,org.broadleafcommerce.common.web.filter,TranslationRequestProcessor,14,0,0,0,5,0,3,0,3,0
BroadleafCommerce Common Libraries,org.broadleafcommerce.common.web.filter,TranslationFilter,42,0,0,0,6,0,2,0,2,0
BroadleafCommerce Common Libraries,org.broadleafcommerce.common.web.filter,SessionlessHttpServletRequestWrapper,20,0,2,0,7,0,5,0,4,0
BroadleafCommerce Common Libraries,org.broadleafcommerce.common.web.filter,StatelessSessionFilter,23,0,0,0,5,0,2,0,2,0
BroadleafCommerce Common Libraries,org.broadleafcommerce.common.web.filter,EstablishSessionFilter,17,0,2,0,5,0,3,0,2,0
BroadleafCommerce Common Libraries,org.broadleafcommerce.common.web.filter,TranslationInterceptor,14,0,0,0,6,0,4,0,4,0
